URL,Version,Status,OIDs,Name,Title,Description,Used
http://hl7.org/fhir/CodeSystem/administration-subpotent-reason,5.0.0,active,"2.16.840.1.113883.4.642.4.2001",AdministrationSubPotentReason,Administration SubPotent Reason,"This value set is provided as an example. The value set to instantiate this attribute should be drawn from a robust terminology code system that consists of or contains concepts to support the medication administration process.","ValueSet/administration-subpotent-reason"
http://hl7.org/fhir/CodeSystem/medication-admin-status,5.0.0,active,"2.16.840.1.113883.4.642.4.2000",MedicationAdministrationStatusCodes,MedicationAdministration Status Codes,"MedicationAdministration Status Codes","ValueSet/medication-admin-status"
http://hl7.org/fhir/administrative-gender,5.0.0,active,"2.16.840.1.113883.4.642.4.2",AdministrativeGender,AdministrativeGender,"The gender of a person used for administrative purposes.","ValueSet/administrative-gender,ValueSet/administratiivne-sugu--2.0.0"
http://hl7.org/fhir/consent-data-meaning,5.0.0,active,"2.16.840.1.113883.4.642.4.760,2.16.840.1.113883.4.642.1.744",ConsentDataMeaning,Consent Data Meaning,"How a resource reference is interpreted when testing consent restrictions.","ValueSet/consent-data-meaning"
http://hl7.org/fhir/consent-provision-type,5.0.0,active,"2.16.840.1.113883.4.642.4.758",ConsentProvisionType,Consent Provision Type,"How a rule statement is applied, such as adding additional consent or removing consent.","ValueSet/consent-provision-type"
http://hl7.org/fhir/consent-state-codes,5.0.0,active,"2.16.840.1.113883.4.642.1.740,2.16.840.1.113883.4.642.4.756",ConsentState,Consent State,"Indicates the state of the consent.","ValueSet/consent-state-codes"
http://hl7.org/fhir/contact-point-system,5.0.0,active,"2.16.840.1.113883.4.642.1.72",ContactPointSystem,ContactPointSystem,"Telecommunications form for contact point.","ValueSet/contact-point-system"
http://hl7.org/fhir/contact-point-use,5.0.0,active,"2.16.840.1.113883.4.642.1.74",ContactPointUse,ContactPointUse,"Use of contact point.","ValueSet/contact-point-use"
http://hl7.org/fhir/event-status,5.0.0,draft,"2.16.840.1.113883.4.642.4.110",EventStatus,EventStatus,"Codes identifying the lifecycle stage of an event.","ValueSet/event-status"
http://hl7.org/fhir/fhir-types,5.0.0,active,"2.16.840.1.113883.4.642.4.1802",FHIRTypes,All FHIR Types,"One of the types defined as part of this version of FHIR.","ValueSet/resource-types"
http://hl7.org/fhir/identifier-use,5.0.0,active,"2.16.840.1.113883.4.642.1.58",IdentifierUse,IdentifierUse,"Identifies the purpose for this identifier, if known .","ValueSet/identifier-use"
http://hl7.org/fhir/link-type,5.0.0,active,"2.16.840.1.113883.4.642.1.413,2.16.840.1.113883.4.642.2.234,2.16.840.1.113883.4.642.4.424",LinkType,Link Type,"The type of link between this Patient resource and other Patient/RelatedPerson resource(s).","ValueSet/link-type"
http://hl7.org/fhir/name-use,5.0.0,active,"2.16.840.1.113883.4.642.4.66",NameUse,NameUse,"The use of a human name.","ValueSet/name-use"
http://hl7.org/fhir/observation-referencerange-normalvalue,5.0.0,active,"2.16.840.1.113883.4.642.4.2099",ObservationReferenceRangeNormalValue,ObservationreferenceRangeNormalValue,"Codes that describe the normal value in the reference range.","ValueSet/observation-referencerange-normalvalue"
http://hl7.org/fhir/observation-status,5.0.0,active,"2.16.840.1.113883.4.642.4.401,2.16.840.1.113883.4.642.1.388,2.16.840.1.113883.4.642.2.219",ObservationStatus,Observation Status,"Codes providing the status of an observation.","ValueSet/observation-status"
http://hl7.org/fhir/observation-triggeredbytype,5.0.0,active,"2.16.840.1.113883.4.642.4.2098",TriggeredBytype,triggered Bytype,"Codes providing the triggeredBy type of observation.","ValueSet/observation-triggeredbytype"
http://hl7.org/fhir/publication-status,5.0.0,active,"2.16.840.1.113883.4.642.4.4",PublicationStatus,PublicationStatus,"The lifecycle status of an artifact.","ValueSet/publication-status"
http://hl7.org/fhir/quantity-comparator,5.0.0,active,"2.16.840.1.113883.4.642.4.60",QuantityComparator,QuantityComparator,"How the Quantity should be understood and represented.","ValueSet/quantity-comparator"
http://hl7.org/fhir/research-study-arm-type,5.0.0,active,,ResearchStudyArmType,ResearchStudy Arm Type Code System,"Codes for the main intent of the study.","ValueSet/research-study-arm-type"
http://hl7.org/fhir/research-study-classifiers,5.0.0,active,"2.16.840.1.113883.4.642.4.1967",ResearchStudyClassifiers,ResearchStudy Classifiers Code System,"Codes for use in ResearchStudy Resource. This resource (this entire set of content) is being used for active development of a ResearchStudyClassifiers CodeSystem for use for supporting multiple value sets in the FHIR ResearchStudy StructureDefinition.","ValueSet/research-study-classifiers"
http://hl7.org/fhir/research-study-focus-type,5.0.0,active,,ResearchStudyFocusType,ResearchStudy Focus Type Code System,"Codes for the main intent of the study.","ValueSet/research-study-focus-type"
http://hl7.org/fhir/research-study-objective-type,5.0.0,active,,ResearchStudyObjectiveType,ResearchStudy Objective Type Code System,"Codes for the kind of study objective.","ValueSet/research-study-objective-type"
http://hl7.org/fhir/research-study-party-organization-type,5.0.0,active,,ResearchStudyPartyOrganizationType,ResearchStudy Party Organization Type Code System,"This is a ResearchStudy's party organization type.","ValueSet/research-study-party-organization-type"
http://hl7.org/fhir/research-study-party-role,5.0.0,active,"2.16.840.1.113883.4.642.4.1968",ResearchStudyPartyRole,Research Study Party Role,"This is a ResearchStudy's party role.","ValueSet/research-study-party-role"
http://hl7.org/fhir/research-study-phase,5.0.0,active,,ResearchStudyPhase,ResearchStudy Phase Code System,"Codes for the stage in the progression of a therapy from initial experimental use in humans in clinical trials to post-market evaluation.","ValueSet/research-study-phase"
http://hl7.org/fhir/research-study-prim-purp-type,5.0.0,active,,ResearchStudyPrimaryPurposeType,ResearchStudy Primary Purpose Type Code System,"Codes for the main intent of a research study.","ValueSet/research-study-prim-purp-type"
http://hl7.org/fhir/research-study-reason-stopped,5.0.0,active,,ResearchStudyReasonStopped,ResearchStudy Reason Stopped Code System,"Codes for why the study ended prematurely.","ValueSet/research-study-reason-stopped"
http://hl7.org/fhir/research-study-status,5.0.0,active,"2.16.840.1.113883.4.642.4.820,2.16.840.1.113883.4.642.1.803",ResearchStudyStatus,Research Study Status,"Codes that convey the current status of the research study.","ValueSet/research-study-status"
http://hl7.org/fhir/study-design,5.0.0,active,,StudyDesign,Study Design,"This is a set of terms for study design characteristics.","ValueSet/study-design"
http://hl7.org/fhir/title-type,5.0.0,active,"2.16.840.1.113883.4.642.4.1875",TitleType,Title Type,"Used to express the reason and specific aspect for the variant title, such as language and specific language.","ValueSet/title-type"
http://loinc.org,3.1.0,active,"2.16.840.1.113883.6.1",LOINC,Logical Observation Identifiers, Names and Codes (LOINC),"LOINC provides a set of universal names and ID codes for identifying laboratory and clinical test results.1,2 LOINC facilitates the exchange and pooling of results, such as blood hemoglobin, serum potassium, or vital signs, for clinical care, outcomes management, and research. LOINC's universal identifiers (names and codes) can be used in the context of order and observation exchanges between information systems that use syntax standards such as HL73, CEN TC251, ISO TC215, ASTM4, and DICOM. Specifically, the identifier can be used as the coded value for an observation in any other standard that uses the observation/observation value paradigm, whether messages, documents, application programming interface (API), etc. For example, LOINC codes are used widely in the OBX segment Observation Identifier field (OBX-3) of an ORU HL7 (HL7 version 2.x or ASTM 1238-9410) message that may be sent between a Clinical Laboratory Information Management Systems (LIMS) and Electronic Health Record Systems (EHR).5, 6 In this way, LOINC codes provide universal identifiers that allow the exchange of clinical data between heterogeneous computing environments.","ValueSet/observation-codes,ValueSet/consent-content-code,ValueSet/consent-category"
http://terminology.hl7.org/CodeSystem/consentaction,1.0.1,active,"2.16.840.1.113883.4.642.1.1227",ConsentActionCodes,Consent Action Codes,"This value set includes sample Consent Action codes.","ValueSet/consent-action"
http://terminology.hl7.org/CodeSystem/consentcategorycodes,1.0.1,active,"2.16.840.1.113883.4.642.1.1226",ConsentCategoryCodes,Consent Category Codes,"This value set includes sample Consent Directive Type codes, including several consent directive related LOINC codes; HL7 VALUE SET: ActConsentType(2.16.840.1.113883.1.11.19897); examples of US realm consent directive legal descriptions and references to online and/or downloadable forms such as the SSA-827 Authorization to Disclose Information to the Social Security Administration; and other anticipated consent directives related to participation in a clinical trial, medical procedures, reproductive procedures; health care directive (Living Will); advance directive, do not resuscitate (DNR); Physician Orders for Life-Sustaining Treatment (POLST)","ValueSet/consent-category"
http://terminology.hl7.org/CodeSystem/consentpolicycodes,3.0.1,active,"2.16.840.1.113883.4.642.1.1229",ConsentPolicyRuleCodes,Consent PolicyRule Codes,"This value set includes sample Regulatory consent policy types from the US and other regions.","ValueSet/consent-policy"
http://terminology.hl7.org/CodeSystem/consentscope,2.0.1,active,"2.16.840.1.113883.4.642.1.1228",ConsentScopeCodes,Consent Scope Codes,"This value set includes the four Consent scope codes.","ValueSet/consent-category"
http://terminology.hl7.org/CodeSystem/consentverification,1.0.1,active,"2.16.840.1.113883.4.642.1.0",ConsentVerificationCodes,Consent Verification Codes,"This value set includes base Consent Verification codes.","ValueSet/consent-verification"
http://terminology.hl7.org/CodeSystem/data-absent-reason,2.0.0,active,"2.16.840.1.113883.4.642.4.1048",DataAbsentReason,DataAbsentReason,"Used to specify why the normally expected content of the data element is missing.","ValueSet/data-absent-reason"
http://terminology.hl7.org/CodeSystem/extra-security-role-type,1.0.1,active,,SecurityRoleType,Security Role Type,"This CodeSystem contains Additional FHIR-defined Security Role types not defined elsewhere","ValueSet/participation-role-type"
http://terminology.hl7.org/CodeSystem/med-admin-perform-function,1.0.1,active,"2.16.840.1.113883.4.642.1.1112",MedicationAdministrationPerformerFunctionCodes,MedicationAdministration Performer Function Codes,"MedicationAdministration Performer Function Codes","ValueSet/med-admin-perform-function"
http://terminology.hl7.org/CodeSystem/medication-admin-location,1.0.1,active,"2.16.840.1.113883.4.642.1.0",MedicationAdministrationLocationCodes,MedicationAdministration Location Codes,"MedicationAdministration Location Codes","ValueSet/medication-admin-location"
http://terminology.hl7.org/CodeSystem/observation-category,2.0.0,active,"2.16.840.1.113883.4.642.1.1125",ObservationCategoryCodes,Observation Category Codes,"Observation Category codes.","ValueSet/observation-category"
http://terminology.hl7.org/CodeSystem/reason-medication-given,1.0.1,active,"2.16.840.1.113883.4.642.1.1110",ReasonMedicationGivenCodes,Reason Medication Given Codes,"This value set is provided as an example. The value set to instantiate this attribute should be drawn from a robust terminology code system that consists of or contains concepts to support the medication process.","ValueSet/reason-medication-given-codes"
http://terminology.hl7.org/CodeSystem/referencerange-meaning,1.0.1,active,"2.16.840.1.113883.4.642.1.1124",ObservationReferenceRangeMeaningCodes,Observation Reference Range Meaning Codes,"This value set defines a set of codes that can be used to indicate the meaning/use of a reference range for a particular target population.","ValueSet/referencerange-meaning"
http://terminology.hl7.org/CodeSystem/research-subject-milestone,2.0.0,active,"2.16.840.1.113883.4.642.1.0",ResearchSubjectMilestone,ResearchSubjectMilestone,"Indicates the progression of a study subject through the study milestones.    **Deprecation Information:** This Code System is being replaced in favor of using NCI Thesaurus codes. NCI codes through [Research Subject Milestones](http://terminology.hl7.org/ValueSet/research-subject-milestones) should be used instead","ValueSet/research-subject-milestone"
http://terminology.hl7.org/CodeSystem/research-subject-state,1.0.1,active,"2.16.840.1.113883.4.642.1.0",ResearchSubjectState,ResearchSubjectState,"Indicates the progression of a study subject through a study.","ValueSet/research-subject-state"
http://terminology.hl7.org/CodeSystem/research-subject-state-type,1.0.1,active,"2.16.840.1.113883.4.642.1.0",ResearchSubjectStateType,ResearchSubjectStateType,"Identifies the kind of state being refered to.","ValueSet/research-subject-state-type"
http://terminology.hl7.org/CodeSystem/state-change-reason,2.0.0,active,"2.16.840.1.113883.4.642.1.0",StateChangeReason,StateChangeReason,"Indicates why the state of the subject changed.","ValueSet/state-change-reason"
http://terminology.hl7.org/CodeSystem/v2-0131,3.0.0,active,"2.16.840.1.113883.18.58",ContactRole2,contactRole2,"Code system of concepts which specify a relationship role that the next of kin/associated parties plays with regard to the patient. Also used in referrals, for example, it may be necessary to identify the contact representative at the clinic that sent a referral. Used in HL7 Version 2 messaging in the NK1 and CTD segments after 2.5, when it replace 2.16.840.1.113883.18.57.","ValueSet/patient-contactrelationship"
http://terminology.hl7.org/CodeSystem/v2-0203,5.0.0,active,"2.16.840.1.113883.18.108",IdentifierType,identifierType,"HL7-defined code system of concepts specifying type of identifier. Used in HL7 Version 2.x messaging data types CX, PLN, PPN, XCN and XON.","ValueSet/identifier-type"
http://terminology.hl7.org/CodeSystem/v3-ActReason,4.0.0,active,"2.16.840.1.113883.5.8",ActReason,ActReason,"A set of codes specifying the motivation, cause, or rationale of an Act, when such rationale is not reasonably represented as an ActRelationship of type ""has reason"" linking to another Act.    *Examples:* Example reasons that might qualify for being coded in this field might be: ""routine requirement"", ""infectious disease reporting requirement"", ""on patient request"", ""required by law"".","ValueSet/v3-PurposeOfUse"
http://terminology.hl7.org/CodeSystem/v3-MaritalStatus,5.0.0,active,"2.16.840.1.113883.5.2",MaritalStatus,MaritalStatus,"\* \* \* No description supplied \* \* \*    *Open Issue:* The specific meanings of these codes can vary somewhat by jurisdiction and implementation so caution should be used when determining equivalency.    *Open Issue:* fixing and completion of the hierarchy and proper good definitions of all the concepts is badly needed.","ValueSet/marital-status"
http://terminology.hl7.org/CodeSystem/v3-NullFlavor,4.0.0,active,"2.16.840.1.113883.5.1008",NullFlavor,NullFlavor,"A collection of codes specifying why a valid value is not present.","ValueSet/marital-status"
http://terminology.hl7.org/CodeSystem/v3-ObservationInterpretation,4.0.0,active,"2.16.840.1.113883.5.83",ObservationInterpretation,ObservationInterpretation,"One or more codes providing a rough qualitative interpretation of the observation, such as ""normal"" / ""abnormal"", ""low"" / ""high"", ""better"" / ""worse"", ""resistant"" / ""susceptible"", ""expected"" / ""not expected"". The value set is intended to be for ANY use where coded representation of an interpretation is needed.","ValueSet/observation-interpretation"
urn:ietf:bcp:47,2.0.1,active,"2.16.840.1.113883.6.121",Ietf3066,Tags for the Identification of Languages,"Older value from OID registry.  Superceded; see recommendations in BCP-47.","ValueSet/languages,ValueSet/all-languages,ValueSet/keeled--1.0.0"
urn:iso:std:iso:11073:10101,20250520,active,"2.16.840.1.113883.6.24",Mdc,ISO/IEEE 11073 Medical Device Communication Nomenclature,"The nomenclature relates primarily to vital signs monitoring, but also includes semantics of other medical devices that are commonly used in acute care settings. There are multiple coding partitions each of which has a systematic name consisting of a set of base concepts and differentiating criteria.","ValueSet/device-type"
urn:iso:std:iso:3166,1.0.1,active,"1.0.3166.1",ISO3166Part1,ISO 3166-1 Codes for the representation of names of countries and their subdivisions — Part 1: Country code,"ISO 3166-1 establishes codes that represent the current names of countries, dependencies, and other areas of particular geopolitical interest, on the basis of country names obtained from the United Nations.","ValueSet/jurisdiction"
urn:iso:std:iso:3166:-2,1.0.1,active,"1.0.3166.2",ISO3166Part2,ISO 3166-2 Codes for the representation of names of countries and their subdivisions — Part 2: Country subdivision code,"ISO 3166-2 establishes a code that represents the names of the principal administrative divisions, or similar areas, of the countries and entities included in ISO 3166-1.","ValueSet/jurisdiction"
