Source File	Size	loadResources	load	generateSnapshots	load-configure	scan	loadDepInfo	loadInfo	checkR4R4B	generateNarratives	validate	loadLists	checkConformanceResources	checkConformanceResources2	checkConformanceResources3	generateLogicalMaps	validateExpressions	scanForUsageStats	checkURLsUnique	processProvenanceDetails	generate1	generate2	generateLogicals	makeDependencies	generateExampleZip	generateValidationPack	scanProfilesForR5	scanExamplesForR5
/fsh-generated/resources/ImplementationGuide-ee.fhir.vjl.json	12374	-	0	0	0	0	0	0	5	38	0	0	0	0	0	0	0	0	0	0	65	47	0	0	0	1	0	0
fsh-generated/resources/Observation-BMI.json	762	2	0	0	1	0	0	0	0	1209	0	0	0	0	0	0	0	0	0	0	6	11	0	0	0	0	0	0
fsh-generated/resources/Observation-BodySurfaceArea.json	786	1	0	0	0	0	0	0	0	206	0	0	0	0	0	0	0	0	0	0	6	6	0	0	0	0	0	0
fsh-generated/resources/Observation-biomarker.json	880	1	0	0	0	0	0	0	0	1	0	0	0	0	0	0	0	0	0	0	6	5	0	0	0	0	0	0
fsh-generated/resources/Observation-height.json	761	0	0	0	0	0	0	0	1	195	0	0	0	0	0	0	0	0	0	0	5	5	0	0	0	0	0	0
fsh-generated/resources/Observation-weight.json	758	1	0	0	0	0	0	0	0	200	0	0	0	0	0	0	0	0	0	0	5	4	0	0	0	0	0	0
fsh-generated/resources/Patient-patient.json	468	0	0	0	0	0	0	0	0	1	0	0	0	0	0	0	0	0	0	0	4	8	0	0	0	0	0	0
fsh-generated/resources/StructureDefinition-ee-vjl-biomarker.json	4072	2	0	35	0	0	0	0	0	703	0	0	1	0	0	0	0	2	0	0	189	1078	0	0	0	5	1	1
fsh-generated/resources/StructureDefinition-ee-vjl-bmi.json	4385	1	0	36	0	0	0	0	0	25	0	0	0	0	0	0	0	0	0	0	201	250	0	0	0	4	0	1
fsh-generated/resources/StructureDefinition-ee-vjl-body-surface-area.json	4458	2	0	34	0	0	0	0	0	21	0	0	0	0	0	0	0	1	0	0	242	240	0	0	0	5	0	1
fsh-generated/resources/StructureDefinition-ee-vjl-cancer-diagnosis.json	3182	1	0	22	0	0	0	0	0	2043	0	0	0	0	0	0	0	0	0	0	108	1017	0	0	0	2	0	0
fsh-generated/resources/StructureDefinition-ee-vjl-clinical-trial-consent.json	2137	0	0	23	0	0	0	0	0	10	0	0	0	0	0	0	0	1	0	0	124	140	0	0	0	3	0	0
fsh-generated/resources/StructureDefinition-ee-vjl-clinical-trial-subject.json	1809	1	0	13	0	0	0	0	0	5	0	0	0	0	0	0	0	0	0	0	56	97	0	0	0	1	0	1
fsh-generated/resources/StructureDefinition-ee-vjl-clinical-trial.json	4071	1	0	34	0	0	0	0	0	19	0	0	0	0	0	0	0	1	0	0	188	168	0	0	0	5	0	0
fsh-generated/resources/StructureDefinition-ee-vjl-consultation.json	1623	1	0	15	0	0	0	0	0	6	0	0	0	0	0	0	0	0	0	0	74	118	0	0	0	3	0	0
fsh-generated/resources/StructureDefinition-ee-vjl-coverage.json	2576	1	0	15	0	0	0	0	0	613	0	0	0	0	0	0	0	1	0	0	112	113	0	0	0	2	0	1
fsh-generated/resources/StructureDefinition-ee-vjl-diagnosis-method.json	1450	1	0	4	0	0	0	0	0	4	0	0	0	0	0	0	0	0	0	0	21	63	0	0	0	1	0	0
fsh-generated/resources/StructureDefinition-ee-vjl-foreign-treatment-summary.json	1416	1	0	4	0	0	0	0	0	3	0	0	0	0	0	0	0	0	0	0	20	83	0	0	0	1	0	0
fsh-generated/resources/StructureDefinition-ee-vjl-foreign-treatment.json	1978	0	0	11	0	0	0	0	0	4	0	0	0	0	0	0	0	0	0	0	70	113	0	0	0	2	0	0
fsh-generated/resources/StructureDefinition-ee-vjl-height.json	4397	2	0	23	0	0	0	0	0	13	0	0	1	0	0	0	0	1	0	0	220	196	0	0	0	4	0	1
fsh-generated/resources/StructureDefinition-ee-vjl-medication.json	1241	0	0	15	0	0	0	0	0	663	0	0	0	0	0	0	0	0	0	0	87	126	0	0	0	4	1	0
fsh-generated/resources/StructureDefinition-ee-vjl-menopause-status.json	3783	2	0	23	0	0	0	0	0	603	0	0	0	0	0	0	0	1	0	0	180	182	0	0	0	5	0	0
fsh-generated/resources/StructureDefinition-ee-vjl-morphology.json	1439	0	0	4	0	0	0	0	0	3	0	0	0	0	0	0	0	0	0	0	23	89	0	0	0	1	0	0
fsh-generated/resources/StructureDefinition-ee-vjl-patient.json	567	1	0	25	0	0	0	0	0	9	0	0	0	0	0	0	0	1	0	0	230	275	0	0	0	5	0	1
fsh-generated/resources/StructureDefinition-ee-vjl-performance-status-ecog.json	4171	1	0	20	0	0	0	0	0	614	0	0	0	0	0	0	0	1	0	0	164	172	0	0	0	4	0	0
fsh-generated/resources/StructureDefinition-ee-vjl-performance-status-karnofsky.json	4174	1	0	24	1	0	0	0	0	616	0	0	0	0	0	0	0	0	0	0	166	147	0	0	0	5	0	1
fsh-generated/resources/StructureDefinition-ee-vjl-performance-status-lansky.json	3813	1	0	22	0	0	0	0	0	621	0	0	0	0	0	0	0	1	0	0	153	146	0	0	0	5	0	0
fsh-generated/resources/StructureDefinition-ee-vjl-radiotherapy-dose.json	1295	1	0	7	0	0	0	0	0	3	0	0	0	0	0	0	0	0	0	0	20	56	0	0	0	1	0	0
fsh-generated/resources/StructureDefinition-ee-vjl-radiotherapy.json	4962	1	0	18	0	0	0	0	0	1226	0	0	0	0	0	0	0	0	0	0	150	141	0	0	0	3	0	1
fsh-generated/resources/StructureDefinition-ee-vjl-surgeries.json	4219	1	0	17	0	0	0	0	0	1220	0	0	0	0	0	0	0	1	0	0	147	172	0	0	0	3	0	0
fsh-generated/resources/StructureDefinition-ee-vjl-systemic-therapy-record.json	3867	1	0	17	0	0	0	0	0	1249	0	0	0	0	0	0	0	0	0	0	130	162	0	0	0	5	1	0
fsh-generated/resources/StructureDefinition-ee-vjl-tnm.json	1047	1	0	16	0	0	0	0	0	606	0	0	0	0	0	0	0	1	0	0	106	161	0	0	0	3	0	1
fsh-generated/resources/StructureDefinition-ee-vjl-treatment.json	2014	0	0	12	0	0	0	0	0	4	0	0	0	0	0	0	0	0	0	0	68	101	0	0	0	3	0	0
fsh-generated/resources/StructureDefinition-ee-vjl-weight.json	4393	1	0	21	0	0	0	0	0	8	0	0	1	0	0	0	0	1	0	0	178	201	0	0	0	4	0	1
/fsh-generated/includes/fsh-link-references.md	2102	-	-	-	0	0	0	0	0	0	0	0	0	0	0	0	0	0	0	0	0	1	0	0	0	0	0	0
/fsh-generated/includes/menu.xml	1726	-	-	-	0	0	0	0	0	0	0	0	0	0	0	0	0	0	0	0	0	0	0	0	0	0	0	0
/input/pagecontent/contacts.md	373	-	-	-	0	0	0	0	0	0	0	0	0	0	0	0	0	0	0	0	0	0	0	0	0	0	0	0
/input/pagecontent/search.xml	442	-	-	-	0	0	0	0	0	0	0	0	0	0	0	0	0	0	0	0	0	74	0	0	0	0	0	0
/input/pagecontent/index.md	636	-	-	-	0	0	0	0	0	0	0	0	0	0	0	0	0	0	0	0	0	0	0	0	0	0	0	0
/input/pagecontent/page1.md	464	-	-	-	0	0	0	0	0	0	0	0	0	0	0	0	0	0	0	0	0	0	0	0	0	0	0	0
/input/pagecontent/page2.md	209	-	-	-	0	0	0	0	0	0	0	0	0	0	0	0	0	0	0	0	0	0	0	0	0	0	0	0
/input/pagecontent/downloads.xml	1148	-	-	-	0	0	0	0	0	0	0	0	0	0	0	0	0	0	0	0	0	41	0	0	0	0	0	0
/template/config	0	-	-	-	0	0	0	0	0	0	0	0	0	0	0	0	0	0	0	0	0	0	0	0	0	0	0	0
/template/config/_config.yml	140	-	-	-	0	0	0	0	0	0	0	0	0	0	0	0	0	0	0	0	0	0	0	0	0	0	0	0
/input/images	0	-	-	-	0	0	0	0	0	0	0	0	0	0	0	0	0	0	0	0	0	0	0	0	0	0	0	0
/input/images/sample.png	2028720	-	-	-	0	0	0	0	0	0	0	0	0	0	0	0	0	0	0	0	0	2	0	0	0	0	0	0
/input/images/robots.txt	24	-	-	-	0	0	0	0	0	0	0	0	0	0	0	0	0	0	0	0	0	0	0	0	0	0	0	0
/temp/pages/_includes/artifacts.xml	13603	-	-	-	-	-	-	-	-	-	-	-	-	-	-	-	-	-	-	-	-	0	0	0	0	0	0	0
