"Id","Path","Slice Name","Alias(s)","Label","Min","Max","Must Support?","Is Modifier?","Is Summary?","Type(s)","Short","Definition","Comments","Requirements","Default Value","Meaning When Missing","Fixed Value","Pattern","Example","Minimum Value","Maximum Value","Maximum Length","Binding Strength","Binding Description","Binding Value Set","Code","Slicing Discriminator","Slicing Description","Slicing Ordered","Slicing Rules","Base Path","Base Min","Base Max","Condition(s)","Constraint(s)","Mapping: FiveWs Pattern Mapping","Mapping: BRIDG 5.1 Mapping","Mapping: HL7 V2 Mapping","Mapping: RIM Mapping"
"ResearchSubject","ResearchSubject","","Study Subject
","",0,*,"","","","null {[]} {[]}
","Participant or object which is the recipient of investigative activities in a study","A ResearchSubject is a participant or object which is the recipient of investigative activities in a research study.","Need to make sure we encompass public health studies.","","","","","","","","",,,,,"",,,,"ResearchSubject",0,*,"","dom-2:If the resource is contained in another resource, it SHALL NOT contain nested Resources {contained.contained.empty()}
dom-3:If the resource is contained in another resource, it SHALL be referred to from elsewhere in the resource or SHALL refer to the containing resource {contained.where((('#'+id in (%resource.descendants().reference | %resource.descendants().ofType(canonical) | %resource.descendants().ofType(uri) | %resource.descendants().ofType(url))) or descendants().where(reference = '#').exists() or descendants().where(ofType(canonical) = '#').exists() or descendants().where(ofType(canonical) = '#').exists()).not()).trace('unmatched', id).empty()}dom-4:If a resource is contained in another resource, it SHALL NOT have a meta.versionId or a meta.lastUpdated {contained.meta.versionId.empty() and contained.meta.lastUpdated.empty()}dom-5:If a resource is contained in another resource, it SHALL NOT have a security label {contained.meta.security.empty()}dom-6:A resource should have narrative for robust management {text.`div`.exists()}","clinical.diagnostics","StudySubject","OBX","Entity, Role, or Act,Observation[classCode=CLNTRL, moodCode=EVN]"
"ResearchSubject.id","ResearchSubject.id","","","",0,1,"","","Y","id {[]} {[]}
","Logical id of this artifact","The logical id of the resource, as used in the URL for the resource. Once assigned, this value never changes.","Within the context of the FHIR RESTful interactions, the resource has an id except for cases like the create and conditional update. Otherwise, the use of the resouce id depends on the given use case.","","","","","","","","",,,,,"",,,,"Resource.id",0,1,"",""
"ResearchSubject.meta","ResearchSubject.meta","","","",0,1,"","","Y","Meta {[]} {[]}
","Metadata about the resource","The metadata about the resource. This is content that is maintained by the infrastructure. Changes to the content might not always be associated with version changes to the resource.","","","","","","","","","",,,,,"",,,,"Resource.meta",0,1,"","ele-1:All FHIR elements must have a @value or children {hasValue() or (children().count() > id.count())}
"
"ResearchSubject.implicitRules","ResearchSubject.implicitRules","","","",0,1,"","Y","Y","uri {[]} {[]}
","A set of rules under which this content was created","A reference to a set of rules that were followed when the resource was constructed, and which must be understood when processing the content. Often, this is a reference to an implementation guide that defines the special rules along with other profiles etc.","Asserting this rule set restricts the content to be only understood by a limited set of trading partners. This inherently limits the usefulness of the data in the long term. However, the existing health eco-system is highly fractured, and not yet ready to define, collect, and exchange data in a generally computable sense. Wherever possible, implementers and/or specification writers should avoid using this element. Often, when used, the URL is a reference to an implementation guide that defines these special rules as part of its narrative along with other profiles, value sets, etc.","","","","","","","","",,,,,"",,,,"Resource.implicitRules",0,1,"","ele-1:All FHIR elements must have a @value or children {hasValue() or (children().count() > id.count())}
"
"ResearchSubject.language","ResearchSubject.language","","","",0,1,"","","","code {[]} {[]}
","Language of the resource content","The base language in which the resource is written.","Language is provided to support indexing and accessibility (typically, services such as text to speech use the language tag). The html language tag in the narrative applies  to the narrative. The language tag on the resource may be used to specify the language of other presentations generated from the data in the resource. Not all the content has to be in the base language. The Resource.language should not be assumed to apply to the narrative automatically. If a language is specified, it should it also be specified on the div element in the html (see rules in HTML5 for information about the relationship between xml:lang and the html lang attribute).","","","","","","","","",,"required","IETF language tag for a human language","http://hl7.org/fhir/ValueSet/all-languages|5.0.0","",,,,"Resource.language",0,1,"","ele-1:All FHIR elements must have a @value or children {hasValue() or (children().count() > id.count())}
"
"ResearchSubject.text","ResearchSubject.text","","narrative
htmlxhtmldisplay","",0,1,"","","","Narrative {[]} {[]}
","Text summary of the resource, for human interpretation","A human-readable narrative that contains a summary of the resource and can be used to represent the content of the resource to a human. The narrative need not encode all the structured data, but is required to contain sufficient detail to make it ""clinically safe"" for a human to just read the narrative. Resource definitions may define what content should be represented in the narrative to ensure clinical safety.","Contained resources do not have a narrative. Resources that are not contained SHOULD have a narrative. In some cases, a resource may only have text with little or no additional discrete data (as long as all minOccurs=1 elements are satisfied).  This may be necessary for data from legacy systems where information is captured as a ""text blob"" or where text is additionally entered raw or narrated and encoded information is added later.","","","","","","","","",,,,,"",,,,"DomainResource.text",0,1,"dom-6
","ele-1:All FHIR elements must have a @value or children {hasValue() or (children().count() > id.count())}
","Act.text?"
"ResearchSubject.contained","ResearchSubject.contained","","inline resources
anonymous resourcescontained resources","",0,*,"","","","Resource {[]} {[]}
","Contained, inline Resources","These resources do not have an independent existence apart from the resource that contains them - they cannot be identified independently, nor can they have their own independent transaction scope. This is allowed to be a Parameters resource if and only if it is referenced by a resource that provides context/meaning.","This should never be done when the content can be identified properly, as once identification is lost, it is extremely difficult (and context dependent) to restore it again. Contained resources may have profiles and tags in their meta elements, but SHALL NOT have security labels.","","","","","","","","",,,,,"",,,,"DomainResource.contained",0,*,"dom-2
dom-4dom-3dom-5","","N/A"
"ResearchSubject.extension","ResearchSubject.extension","","extensions
user content","",0,*,"","","","Extension {[]} {[]}
","Additional content defined by implementations","May be used to represent additional information that is not part of the basic definition of the resource. To make the use of extensions safe and managable, there is a strict set of governance applied to the definition and use of extensions. Though any implementer can define an extension, there is a set of requirements that SHALL be met as part of the definition of the extension.","There can be no stigma associated with the use of extensions by any application, project, or standard - regardless of the institution or jurisdiction that uses or defines the extensions.  The use of extensions is what allows the FHIR specification to retain a core level of simplicity for everyone.","","","","","","","","",,,,,"",,,,"DomainResource.extension",0,*,"","ele-1:All FHIR elements must have a @value or children {hasValue() or (children().count() > id.count())}
ext-1:Must have either extensions or value[x], not both {extension.exists() != value.exists()}","N/A"
"ResearchSubject.modifierExtension","ResearchSubject.modifierExtension","","extensions
user content","",0,*,"","Y","Y","Extension {[]} {[]}
","Extensions that cannot be ignored","May be used to represent additional information that is not part of the basic definition of the resource and that modifies the understanding of the element that contains it and/or the understanding of the containing element's descendants. Usually modifier elements provide negation or qualification. To make the use of extensions safe and managable, there is a strict set of governance applied to the definition and use of extensions. Though any implementer is allowed to define an extension, there is a set of requirements that SHALL be met as part of the definition of the extension. Applications processing a resource are required to check for modifier extensions.

Modifier extensions SHALL NOT change the meaning of any elements on Resource or DomainResource (including cannot change the meaning of modifierExtension itself).","There can be no stigma associated with the use of extensions by any application, project, or standard - regardless of the institution or jurisdiction that uses or defines the extensions.  The use of extensions is what allows the FHIR specification to retain a core level of simplicity for everyone.","Modifier extensions allow for extensions that *cannot* be safely ignored to be clearly distinguished from the vast majority of extensions which can be safely ignored.  This promotes interoperability by eliminating the need for implementers to prohibit the presence of extensions. For further information, see the [definition of modifier extensions](http://hl7.org/fhir/R5/extensibility.html#modifierExtension).","","","","","","","",,,,,"",,,,"DomainResource.modifierExtension",0,*,"","ele-1:All FHIR elements must have a @value or children {hasValue() or (children().count() > id.count())}
ext-1:Must have either extensions or value[x], not both {extension.exists() != value.exists()}","N/A"
"ResearchSubject.identifier","ResearchSubject.identifier","","","",0,*,"","","Y","Identifier {[]} {[]}
","Business Identifier for research subject in a study","Identifiers assigned to this research subject for a study.","","","","","","","","","",,,,,"",,,,"ResearchSubject.identifier",0,*,"","ele-1:All FHIR elements must have a @value or children {hasValue() or (children().count() > id.count())}
","FiveWs.identifier","StudySubject > Subject.identifier",".identifier"
"ResearchSubject.status","ResearchSubject.status","","","",1,1,"","Y","Y","code {[]} {[]}
","draft | active | retired | unknown","The publication state of the resource (not of the subject).","","","","","","","","","",,"required","Codes that convey the current publication status of the research study resource.","http://hl7.org/fhir/ValueSet/publication-status|5.0.0","",,,,"ResearchSubject.status",1,1,"","ele-1:All FHIR elements must have a @value or children {hasValue() or (children().count() > id.count())}
","FiveWs.status","StudySubject.statusCode",".status"
"ResearchSubject.progress","ResearchSubject.progress","","","",0,*,"","","","BackboneElement {[]} {[]}
","Subject status","The current state (status) of the subject and resons for status change where appropriate.","This is intended to deal with the confusion routinely created by haing two conflated concepts of being in a particular state and having achieved a particular milestone.  In strict terms a milestone is a point of time event that results in a change from one state to another.  The state before the milestone is achieved is often given the same name as the milestone, and sometimes the state may have the same description.  For instance ""Randomised"" and ""Visit 1"" may be different milestones but the state remains at ""on study"" after each of them. 

It is likely that more than one ""state"" pattern will be recorded for a subject and a type has been introduced to allow this simultaneous recording.","","","","","","","","",,,,,"",,,,"ResearchSubject.progress",0,*,"","ele-1:All FHIR elements must have a @value or children {hasValue() or (children().count() > id.count())}
"
"ResearchSubject.progress.id","ResearchSubject.progress.id","","","",0,1,"","","","string {[]} {[]}
","Unique id for inter-element referencing","Unique id for the element within a resource (for internal references). This may be any string value that does not contain spaces.","","","","","","","","","",,,,,"",,,,"Element.id",0,1,"ele-1
","","n/a"
"ResearchSubject.progress.extension","ResearchSubject.progress.extension","","extensions
user content","",0,*,"","","","Extension {[]} {[]}
","Additional content defined by implementations","May be used to represent additional information that is not part of the basic definition of the element. To make the use of extensions safe and managable, there is a strict set of governance applied to the definition and use of extensions. Though any implementer can define an extension, there is a set of requirements that SHALL be met as part of the definition of the extension.","There can be no stigma associated with the use of extensions by any application, project, or standard - regardless of the institution or jurisdiction that uses or defines the extensions.  The use of extensions is what allows the FHIR specification to retain a core level of simplicity for everyone.","","","","","","","","",,,,,"",,,,"Element.extension",0,*,"","ele-1:All FHIR elements must have a @value or children {hasValue() or (children().count() > id.count())}
ext-1:Must have either extensions or value[x], not both {extension.exists() != value.exists()}","n/a"
"ResearchSubject.progress.modifierExtension","ResearchSubject.progress.modifierExtension","","extensions
user contentmodifiers","",0,*,"","Y","Y","Extension {[]} {[]}
","Extensions that cannot be ignored even if unrecognized","May be used to represent additional information that is not part of the basic definition of the element and that modifies the understanding of the element in which it is contained and/or the understanding of the containing element's descendants. Usually modifier elements provide negation or qualification. To make the use of extensions safe and managable, there is a strict set of governance applied to the definition and use of extensions. Though any implementer can define an extension, there is a set of requirements that SHALL be met as part of the definition of the extension. Applications processing a resource are required to check for modifier extensions.

Modifier extensions SHALL NOT change the meaning of any elements on Resource or DomainResource (including cannot change the meaning of modifierExtension itself).","There can be no stigma associated with the use of extensions by any application, project, or standard - regardless of the institution or jurisdiction that uses or defines the extensions.  The use of extensions is what allows the FHIR specification to retain a core level of simplicity for everyone.","Modifier extensions allow for extensions that *cannot* be safely ignored to be clearly distinguished from the vast majority of extensions which can be safely ignored.  This promotes interoperability by eliminating the need for implementers to prohibit the presence of extensions. For further information, see the [definition of modifier extensions](http://hl7.org/fhir/R5/extensibility.html#modifierExtension).","","","","","","","",,,,,"",,,,"BackboneElement.modifierExtension",0,*,"","ele-1:All FHIR elements must have a @value or children {hasValue() or (children().count() > id.count())}
ext-1:Must have either extensions or value[x], not both {extension.exists() != value.exists()}","N/A"
"ResearchSubject.progress.type","ResearchSubject.progress.type","","","",0,1,"","","","CodeableConcept {[]} {[]}
","state | milestone","Identifies the aspect of the subject's journey that the state refers to.","","","","","","","","","",,"example","Identifies the kind of state being refered to.","http://hl7.org/fhir/ValueSet/research-subject-state-type|5.0.0","",,,,"ResearchSubject.progress.type",0,1,"","ele-1:All FHIR elements must have a @value or children {hasValue() or (children().count() > id.count())}
"
"ResearchSubject.progress.subjectState","ResearchSubject.progress.subjectState","","","",0,1,"","","","CodeableConcept {[]} {[]}
","candidate | eligible | follow-up | ineligible | not-registered | off-study | on-study | on-study-intervention | on-study-observation | pending-on-study | potential-candidate | screening | withdrawn","The current state of the subject.","","","","","","","","","",,"required","Indicates the progression of a study subject through a study.","http://hl7.org/fhir/ValueSet/research-subject-state|5.0.0","",,,,"ResearchSubject.progress.subjectState",0,1,"","ele-1:All FHIR elements must have a @value or children {hasValue() or (children().count() > id.count())}
","FiveWs.status","StudySubject.statusCode",".status"
"ResearchSubject.progress.milestone","ResearchSubject.progress.milestone","","","",0,1,"","","","CodeableConcept {[]} {[]}
","SignedUp | Screened | Randomized","The milestones the subject has passed through.","There can be multiple entries but it is also valid to just have the most recent.  This should npt be rlied upon as the full path the subject has taken.","","","","","","","","",,"example","Indicates the progression of a study subject through the study milestones.","http://hl7.org/fhir/ValueSet/research-subject-milestone|5.0.0","",,,,"ResearchSubject.progress.milestone",0,1,"","ele-1:All FHIR elements must have a @value or children {hasValue() or (children().count() > id.count())}
","FiveWs.status","StudySubject.statusCode"
"ResearchSubject.progress.reason","ResearchSubject.progress.reason","","","",0,1,"","","","CodeableConcept {[]} {[]}
","State change reason","The reason for the state change.  If coded it should follow the formal subject state model.","","","","","","","","","",,"example","Indicates why the state of the subject changed.","http://terminology.hl7.org/ValueSet/state-change-reason","",,,,"ResearchSubject.progress.reason",0,1,"","ele-1:All FHIR elements must have a @value or children {hasValue() or (children().count() > id.count())}
"
"ResearchSubject.progress.startDate","ResearchSubject.progress.startDate","","","",0,1,"","","","dateTime {[]} {[]}
","State change date","The date when the new status started.","This is NOT the date the change in state was recorded.","This was originally defined as the date when the change in status occurred.  This assumed all                      states were recorded which is not true.  Hence the need to track the end of the state.","","","","","","","",,,,,"",,,,"ResearchSubject.progress.startDate",0,1,"","ele-1:All FHIR elements must have a @value or children {hasValue() or (children().count() > id.count())}
"
"ResearchSubject.progress.endDate","ResearchSubject.progress.endDate","","","",0,1,"","","","dateTime {[]} {[]}
","State change date","The date when the state ended.","","See the requirement on the start date.","","","","","","","",,,,,"",,,,"ResearchSubject.progress.endDate",0,1,"","ele-1:All FHIR elements must have a @value or children {hasValue() or (children().count() > id.count())}
"
"ResearchSubject.period","ResearchSubject.period","","timing
","",0,1,"","","Y","Period {[]} {[]}
","Start and end of participation","The dates the subject began and ended their participation in the study.","","","","","","","","","",,,,,"",,,,"ResearchSubject.period",0,1,"","ele-1:All FHIR elements must have a @value or children {hasValue() or (children().count() > id.count())}
","PerformedStudySubjectMilestone.studyReferenceDateRange"
"ResearchSubject.study","ResearchSubject.study","","","",1,1,"","","Y","Reference {[]} {[CanonicalType[https://fhir.ee/vjl/StructureDefinition/ee-vjl-clinical-trial]]}
","Study subject is part of","Reference to the study the subject is participating in.","","","","","","","","","",,,,,"",,,,"ResearchSubject.study",1,1,"","ele-1:All FHIR elements must have a @value or children {hasValue() or (children().count() > id.count())}
","StudySubjectProtocolVersionRelationship"
"ResearchSubject.subject","ResearchSubject.subject","","","",1,1,"","","Y","Reference {[]} {[CanonicalType[https://fhir.ee/vjl/StructureDefinition/ee-vjl-patient]]}
","Who or what is part of study","The record of the person, animal or other entity involved in the study.","","","","","","","","","",,,,,"",,,,"ResearchSubject.subject",1,1,"","ele-1:All FHIR elements must have a @value or children {hasValue() or (children().count() > id.count())}
","StudySubject"
"ResearchSubject.assignedComparisonGroup","ResearchSubject.assignedComparisonGroup","","","",0,0,"","","","id {[]} {[]}
","What path should be followed","The name of the arm in the study the subject is expected to follow as part of this study.","Maybe this is really PlanDefinition.","","","","","","","","",,,,,"",,,,"ResearchSubject.assignedComparisonGroup",0,1,"","ele-1:All FHIR elements must have a @value or children {hasValue() or (children().count() > id.count())}
","Arm > ExperimentalUnit > BiologicEntity > Subject > StudySubject"
"ResearchSubject.actualComparisonGroup","ResearchSubject.actualComparisonGroup","","","",0,0,"","","","id {[]} {[]}
","What path was followed","The name of the arm in the study the subject actually followed as part of this study.","","","","","","","","","",,,,,"",,,,"ResearchSubject.actualComparisonGroup",0,1,"","ele-1:All FHIR elements must have a @value or children {hasValue() or (children().count() > id.count())}
","Arm > ExperimentalUnit > BiologicEntity > Subject > StudySubject"
"ResearchSubject.consent","ResearchSubject.consent","","","",0,*,"","","","Reference {[]} {[CanonicalType[https://fhir.ee/vjl/StructureDefinition/ee-vjl-clinical-trial-consent]]}
","Agreement to participate in study","A record of the patient's informed agreement to participate in the study.","","","","","","","","","",,,,,"",,,,"ResearchSubject.consent",0,*,"","ele-1:All FHIR elements must have a @value or children {hasValue() or (children().count() > id.count())}
","ResearchStudy.consent is related to PerformedStudySubjectMilestone.informedConsentIndicator in that the informedConsentIndicator can be derived from the data in the Consent resource."
