URL,Version,Status,OIDs,Name,Title,Description,Uses,Used,Sources
http://hl7.org/fhir/ValueSet/administration-method-codes,5.0.0,draft,"2.16.840.1.113883.4.642.3.90,2.16.840.1.113883.4.642.3.97",SNOMEDCTAdministrationMethodCodes,SNOMED CT Administration Method Codes,"This value set includes some method codes from SNOMED CT - provided as an exemplar","StructureDefinition/ee-vjl-medication-administration","SCT"
http://hl7.org/fhir/ValueSet/administration-subpotent-reason,5.0.0,draft,"2.16.840.1.113883.4.642.3.3128",MedicationAdministrationSubpotentReason,MedicationAdministration Subpotent Reason,"MedicationAdministration Subpotent Reason","StructureDefinition/ee-vjl-medication-administration","hl7.fhir.r5.core"
http://hl7.org/fhir/ValueSet/administrative-gender,5.0.0,active,"2.16.840.1.113883.4.642.3.1",AdministrativeGender,AdministrativeGender,"The gender of a person used for administrative purposes.","StructureDefinition/ee-vjl-patient","hl7.fhir.r5.core"
http://hl7.org/fhir/ValueSet/all-languages,5.0.0,active,"2.16.840.1.113883.4.642.3.21",AllLanguages,All Languages,"This value set includes all possible codes from BCP-47 (see http://tools.ietf.org/html/bcp47)","StructureDefinition/ee-vjl-performance-status-ecog,StructureDefinition/ee-vjl-radiotherapy,StructureDefinition/ee-vjl-biomarker,StructureDefinition/ee-vjl-bmi,StructureDefinition/ee-vjl-surgeries,StructureDefinition/ee-vjl-clinical-trial,StructureDefinition/ee-vjl-performance-status-lansky,StructureDefinition/ee-vjl-height,StructureDefinition/ee-vjl-patient,StructureDefinition/ee-vjl-performance-status-karnofsky,StructureDefinition/ee-vjl-clinical-trial-consent,StructureDefinition/ee-vjl-menopause-status,StructureDefinition/ee-vjl-weight,StructureDefinition/ee-vjl-body-surface-area,StructureDefinition/ee-vjl-medication-administration,StructureDefinition/ee-vjl-clinical-trial-subject","hl7.terminology.r5"
http://hl7.org/fhir/ValueSet/approach-site-codes,5.0.0,draft,"2.16.840.1.113883.4.642.3.346",SNOMEDCTAnatomicalStructureAdministrationSites,SNOMED CT Anatomical Structure for Administration Site Codes,"This value set includes Anatomical Structure codes from SNOMED CT - provided as an exemplar.","StructureDefinition/ee-vjl-medication-administration","SCT"
http://hl7.org/fhir/ValueSet/body-site,5.0.0,draft,"2.16.840.1.113883.4.642.3.653,2.16.840.1.113883.4.642.2.78,2.16.840.1.113883.4.642.3.141",SNOMEDCTBodyStructures,SNOMED CT Body Structures,"This value set includes all codes from [SNOMED CT](http://snomed.info/sct) where concept is-a 442083009 (Anatomical or acquired body site (body structure)).","StructureDefinition/ee-vjl-performance-status-ecog,StructureDefinition/ee-vjl-performance-status-karnofsky,StructureDefinition/ee-vjl-menopause-status,StructureDefinition/ee-vjl-radiotherapy,StructureDefinition/ee-vjl-biomarker,StructureDefinition/ee-vjl-weight,StructureDefinition/ee-vjl-body-surface-area,StructureDefinition/ee-vjl-bmi,StructureDefinition/ee-vjl-surgeries,StructureDefinition/ee-vjl-performance-status-lansky,StructureDefinition/ee-vjl-height","SCT"
http://hl7.org/fhir/ValueSet/condition-code,5.0.0,draft,"2.16.840.1.113883.4.642.3.161,2.16.840.1.113883.4.642.2.72,2.16.840.1.113883.4.642.3.152",ConditionProblemDiagnosisCodes,Condition/Problem/Diagnosis Codes,"Example value set for Condition/Problem/Diagnosis codes.","StructureDefinition/ee-vjl-radiotherapy,StructureDefinition/ee-vjl-surgeries,StructureDefinition/ee-vjl-clinical-trial","SCT"
http://hl7.org/fhir/ValueSet/consent-action,5.0.0,draft,"2.16.840.1.113883.4.642.3.753,2.16.840.1.113883.4.642.3.737",ConsentActionCodes,Consent Action Codes,"This value set includes sample Consent Action codes.","StructureDefinition/ee-vjl-clinical-trial-consent","THO"
http://hl7.org/fhir/ValueSet/consent-category,5.0.0,draft,"2.16.840.1.113883.4.642.3.751,2.16.840.1.113883.4.642.3.735",ConsentCategoryCodes,Consent Category Codes,"This value set includes sample Consent Directive Type codes, including several consent directive related LOINC codes; HL7 VALUE SET: ActConsentType(2.16.840.1.113883.1.11.19897); examples of US realm consent directive legal descriptions and references to online and/or downloadable forms such as the SSA-827 Authorization to Disclose Information to the Social Security Administration; and other anticipated consent directives related to participation in a clinical trial, medical procedures, reproductive procedures; health care directive (Living Will); advance directive, do not resuscitate (DNR); Physician Orders for Life-Sustaining Treatment (POLST)","StructureDefinition/ee-vjl-clinical-trial-consent","LOINC,THO"
http://hl7.org/fhir/ValueSet/consent-content-class,5.0.0,draft,"2.16.840.1.113883.4.642.3.745,2.16.840.1.113883.4.642.3.747",ConsentContentClass,Consent Content Class,"This value set includes the FHIR resource types, along with some other important content class codes","StructureDefinition/ee-vjl-clinical-trial-consent","Other"
http://hl7.org/fhir/ValueSet/consent-content-code,5.0.0,draft,"2.16.840.1.113883.4.642.3.748,2.16.840.1.113883.4.642.3.746",ConsentContentCodes,Consent Content Codes,"This example value set contains all LOINC code","StructureDefinition/ee-vjl-clinical-trial-consent","LOINC"
http://hl7.org/fhir/ValueSet/consent-data-meaning,5.0.0,draft,"2.16.840.1.113883.4.642.3.743,2.16.840.1.113883.4.642.3.759",ConsentDataMeaning,Consent Data Meaning,"How a resource reference is interpreted when testing consent restrictions.","StructureDefinition/ee-vjl-clinical-trial-consent","hl7.fhir.r5.core"
http://hl7.org/fhir/ValueSet/consent-policy,5.0.0,draft,"2.16.840.1.113883.4.642.3.1014",ConsentPolicyRuleCodes,Consent PolicyRule Codes,"This value set includes sample Regulatory consent policy types from the US and other regions.","StructureDefinition/ee-vjl-clinical-trial-consent","THO"
http://hl7.org/fhir/ValueSet/consent-provision-type,5.0.0,draft,"2.16.840.1.113883.4.642.3.757",ConsentProvisionType,Consent Provision Type,"How a rule statement is applied, such as adding additional consent or removing consent.","StructureDefinition/ee-vjl-clinical-trial-consent","hl7.fhir.r5.core"
http://hl7.org/fhir/ValueSet/consent-state-codes,5.0.0,draft,"2.16.840.1.113883.4.642.3.755,2.16.840.1.113883.4.642.3.739",ConsentState,Consent State,"Indicates the state of the consent.","StructureDefinition/ee-vjl-clinical-trial-consent","hl7.fhir.r5.core"
http://hl7.org/fhir/ValueSet/consent-verification,5.0.0,draft,"2.16.840.1.113883.4.642.3.3178",ConsentVerificationCodes,Consent Vefication Codes,"This value set includes base Consent Verification codes.","StructureDefinition/ee-vjl-clinical-trial-consent","THO"
http://hl7.org/fhir/ValueSet/contact-point-system,5.0.0,active,"2.16.840.1.113883.4.642.3.71",ContactPointSystem,ContactPointSystem,"Telecommunications form for contact point.","StructureDefinition/ee-vjl-patient","hl7.fhir.r5.core"
http://hl7.org/fhir/ValueSet/contact-point-use,5.0.0,active,"2.16.840.1.113883.4.642.3.73",ContactPointUse,ContactPointUse,"Use of contact point.","StructureDefinition/ee-vjl-patient","hl7.fhir.r5.core"
http://hl7.org/fhir/ValueSet/data-absent-reason,5.0.0,active,"2.16.840.1.113883.4.642.3.5",DataAbsentReason,Data Absent Reason,"Used to specify why the normally expected content of the data element is missing.","StructureDefinition/ee-vjl-performance-status-ecog,StructureDefinition/ee-vjl-performance-status-karnofsky,StructureDefinition/ee-vjl-menopause-status,StructureDefinition/ee-vjl-biomarker,StructureDefinition/ee-vjl-weight,StructureDefinition/ee-vjl-body-surface-area,StructureDefinition/ee-vjl-bmi,StructureDefinition/ee-vjl-performance-status-lansky,StructureDefinition/ee-vjl-height","THO"
http://hl7.org/fhir/ValueSet/device-action,5.0.0,draft,"2.16.840.1.113883.4.642.3.425,2.16.840.1.113883.4.642.2.236,2.16.840.1.113883.4.642.3.416",ProcedureDeviceActionCodes,Procedure Device Action Codes,"Example codes indicating the change that happened to the device during the procedure.  Note that these are in no way complete and might not even be appropriate for some uses.","StructureDefinition/ee-vjl-radiotherapy,StructureDefinition/ee-vjl-surgeries","SCT"
http://hl7.org/fhir/ValueSet/device-type,5.0.0,draft,"2.16.840.1.113883.4.642.3.1376",DeviceType,Device Type,"Codes used to identify medical devices. Includes concepts from SNOMED CT (http://www.snomed.org/) where concept is-a 49062001 (Device)  and is provided as a suggestive example.","StructureDefinition/ee-vjl-radiotherapy,StructureDefinition/ee-vjl-surgeries","SCT,hl7.terminology.r5,Other"
http://hl7.org/fhir/ValueSet/event-status,5.0.0,draft,"2.16.840.1.113883.4.642.3.109",EventStatus,EventStatus,"Codes identifying the lifecycle stage of an event.","StructureDefinition/ee-vjl-radiotherapy,StructureDefinition/ee-vjl-surgeries","hl7.fhir.r5.core"
http://hl7.org/fhir/ValueSet/identifier-type,5.0.0,active,"2.16.840.1.113883.4.642.3.45",IdentifierTypeCodes,Identifier Type Codes,"A coded type for an identifier that can be used to determine which identifier to use for a specific purpose.","StructureDefinition/ee-vjl-patient,StructureDefinition/ee-vjl-clinical-trial","THO (V2)"
http://hl7.org/fhir/ValueSet/identifier-use,5.0.0,active,"2.16.840.1.113883.4.642.3.57",IdentifierUse,IdentifierUse,"Identifies the purpose for this identifier, if known .","StructureDefinition/ee-vjl-patient,StructureDefinition/ee-vjl-clinical-trial","hl7.fhir.r5.core"
http://hl7.org/fhir/ValueSet/jurisdiction,5.0.0,draft,"2.16.840.1.113883.4.642.3.48",JurisdictionValueSet,Jurisdiction ValueSet,"This value set defines a base set of codes for country, country subdivision and region    for indicating where a resource is intended to be used.             Note: The codes for countries and country subdivisions are taken from    [ISO 3166](https://www.iso.org/iso-3166-country-codes.html)    while the codes for ""supra-national"" regions are from    [UN Standard country or area codes for statistical use (M49)](http://unstats.un.org/unsd/methods/m49/m49.htm).","StructureDefinition/ee-vjl-clinical-trial","hl7.terminology.r5,Other"
http://hl7.org/fhir/ValueSet/languages,5.0.0,active,"2.16.840.1.113883.4.642.3.891,2.16.840.1.113883.4.642.3.20",CommonLanguages,Common Languages,"This value set includes common codes from BCP-47 (see http://tools.ietf.org/html/bcp47)","StructureDefinition/ee-vjl-performance-status-ecog,StructureDefinition/ee-vjl-radiotherapy,StructureDefinition/ee-vjl-biomarker,StructureDefinition/ee-vjl-bmi,StructureDefinition/ee-vjl-surgeries,StructureDefinition/ee-vjl-clinical-trial,StructureDefinition/ee-vjl-performance-status-lansky,StructureDefinition/ee-vjl-height,StructureDefinition/ee-vjl-patient,StructureDefinition/ee-vjl-performance-status-karnofsky,StructureDefinition/ee-vjl-clinical-trial-consent,StructureDefinition/ee-vjl-menopause-status,StructureDefinition/ee-vjl-weight,StructureDefinition/ee-vjl-body-surface-area,StructureDefinition/ee-vjl-medication-administration,StructureDefinition/ee-vjl-clinical-trial-subject","hl7.terminology.r5"
http://hl7.org/fhir/ValueSet/link-type,5.0.0,active,"2.16.840.1.113883.4.642.2.234,2.16.840.1.113883.4.642.3.423,2.16.840.1.113883.4.642.3.412",LinkType,Link Type,"The type of link between this Patient resource and another Patient/RelatedPerson resource.","StructureDefinition/ee-vjl-patient","hl7.fhir.r5.core"
http://hl7.org/fhir/ValueSet/marital-status,5.0.0,active,"2.16.840.1.113883.4.642.3.29",MaritalStatusCodes,Marital Status Codes,"This value set defines the set of codes that can be used to indicate the marital status of a person.","StructureDefinition/ee-vjl-patient","THO (V3)"
http://hl7.org/fhir/ValueSet/med-admin-perform-function,5.0.0,draft,"2.16.840.1.113883.4.642.3.349",MedicationAdministrationPerformerFunctionCodes,MedicationAdministration Performer Function Codes,"MedicationAdministration Performer Function Codes","StructureDefinition/ee-vjl-medication-administration","THO"
http://hl7.org/fhir/ValueSet/medication-admin-location,5.0.0,draft,"2.16.840.1.113883.4.642.3.3127",MedicationAdministrationLocationCodes,MedicationAdministration Location Codes,"MedicationAdministration Location Codes","StructureDefinition/ee-vjl-medication-administration","THO"
http://hl7.org/fhir/ValueSet/medication-admin-status,5.0.0,draft,"2.16.840.1.113883.4.642.2.186,2.16.840.1.113883.4.642.3.340,2.16.840.1.113883.4.642.3.330",MedicationAdministrationStatusCodes,MedicationAdministration Status Codes,"MedicationAdministration Status Codes","StructureDefinition/ee-vjl-medication-administration","hl7.fhir.r5.core"
http://hl7.org/fhir/ValueSet/medication-codes,5.0.0,draft,"2.16.840.1.113883.4.642.3.375,2.16.840.1.113883.4.642.2.199,2.16.840.1.113883.4.642.3.360",SNOMEDCTMedicationCodes,SNOMED CT Medication Codes,"This value set includes all drug or medicament substance codes and all pharmaceutical/biologic products from SNOMED CT - provided as an exemplar value set.","StructureDefinition/ee-vjl-medication-administration","SCT"
http://hl7.org/fhir/ValueSet/name-use,5.0.0,active,"2.16.840.1.113883.4.642.3.65",NameUse,NameUse,"The use of a human name.","StructureDefinition/ee-vjl-patient","hl7.fhir.r5.core"
http://hl7.org/fhir/ValueSet/observation-category,5.0.0,draft,"2.16.840.1.113883.4.642.3.403,2.16.840.1.113883.4.642.2.222,2.16.840.1.113883.4.642.3.392",ObservationCategoryCodes,Observation Category Codes,"Observation Category codes.","StructureDefinition/ee-vjl-performance-status-ecog,StructureDefinition/ee-vjl-performance-status-karnofsky,StructureDefinition/ee-vjl-menopause-status,StructureDefinition/ee-vjl-biomarker,StructureDefinition/ee-vjl-weight,StructureDefinition/ee-vjl-body-surface-area,StructureDefinition/ee-vjl-bmi,StructureDefinition/ee-vjl-performance-status-lansky,StructureDefinition/ee-vjl-height","THO"
http://hl7.org/fhir/ValueSet/observation-codes,5.0.0,draft,"2.16.840.1.113883.4.642.2.216,2.16.840.1.113883.4.642.3.396,2.16.840.1.113883.4.642.3.383",LOINCCodes,LOINC Codes,"This value set includes all LOINC codes","StructureDefinition/ee-vjl-performance-status-ecog,StructureDefinition/ee-vjl-performance-status-karnofsky,StructureDefinition/ee-vjl-menopause-status,StructureDefinition/ee-vjl-biomarker,StructureDefinition/ee-vjl-weight,StructureDefinition/ee-vjl-body-surface-area,StructureDefinition/ee-vjl-bmi,StructureDefinition/ee-vjl-performance-status-lansky,StructureDefinition/ee-vjl-height","LOINC"
http://hl7.org/fhir/ValueSet/observation-interpretation,5.0.0,active,"2.16.840.1.113883.4.642.3.399,2.16.840.1.113883.4.642.3.386,2.16.840.1.113883.4.642.2.218",ObservationInterpretationCodes,Observation Interpretation Codes,"A categorical assessment, providing a rough qualitative interpretation of the observation value,    such as “normal”/ “abnormal”,”low” / “high”, “better” / “worse”, “susceptible” / “resistant”, “expected”/ “not expected”.    The value set is intended to be for ANY use where coded representation of an interpretation is needed.             Notes:          This is being communicated in v2.x in OBX-8 (Observation Interpretation), in v3 in ObservationInterpretation (CWE) in R1 (Representative Realm) and in FHIR in    Observation.interpretation. Historically these values come from the laboratory domain, and these codes are extensively    used. The value set binding is extensible, so codes outside the value set that are needed for interpretation concepts    (i.e. particular meanings) that are not included in the value set can be used, and these new codes may also be added to    the value set and published in a future version.","StructureDefinition/ee-vjl-performance-status-ecog,StructureDefinition/ee-vjl-performance-status-karnofsky,StructureDefinition/ee-vjl-menopause-status,StructureDefinition/ee-vjl-biomarker,StructureDefinition/ee-vjl-weight,StructureDefinition/ee-vjl-body-surface-area,StructureDefinition/ee-vjl-bmi,StructureDefinition/ee-vjl-performance-status-lansky,StructureDefinition/ee-vjl-height","THO (V3)"
http://hl7.org/fhir/ValueSet/observation-methods,5.0.0,draft,"2.16.840.1.113883.4.642.2.215,2.16.840.1.113883.4.642.3.395,2.16.840.1.113883.4.642.3.382",ObservationMethods,Observation Methods,"Observation Method codes from [SNOMED CT](http://snomed.info/sct) where concept is-a 272394005 (Technique (qualifier value)) or is-a 129264002 (Action (qualifier value)) or is-a 386053000 (Evaluation procedure(procedure))","StructureDefinition/ee-vjl-performance-status-ecog,StructureDefinition/ee-vjl-performance-status-karnofsky,StructureDefinition/ee-vjl-menopause-status,StructureDefinition/ee-vjl-biomarker,StructureDefinition/ee-vjl-weight,StructureDefinition/ee-vjl-body-surface-area,StructureDefinition/ee-vjl-bmi,StructureDefinition/ee-vjl-performance-status-lansky,StructureDefinition/ee-vjl-height","SCT"
http://hl7.org/fhir/ValueSet/observation-referencerange-normalvalue,5.0.0,draft,"2.16.840.1.113883.4.642.3.3264",ObservationReferenceRangeNormalValueCodes,Observation Reference Range Normal Value Codes,"Codes that describe the normal value in the reference range, such as “Negative” or “Absent”","StructureDefinition/ee-vjl-performance-status-ecog,StructureDefinition/ee-vjl-performance-status-karnofsky,StructureDefinition/ee-vjl-menopause-status,StructureDefinition/ee-vjl-biomarker,StructureDefinition/ee-vjl-weight,StructureDefinition/ee-vjl-body-surface-area,StructureDefinition/ee-vjl-bmi,StructureDefinition/ee-vjl-performance-status-lansky,StructureDefinition/ee-vjl-height","hl7.fhir.r5.core"
http://hl7.org/fhir/ValueSet/observation-status,5.0.0,active,"2.16.840.1.113883.4.642.3.400,2.16.840.1.113883.4.642.3.387,2.16.840.1.113883.4.642.2.219",ObservationStatus,Observation Status,"Codes providing the status of an observation.","StructureDefinition/ee-vjl-performance-status-ecog,StructureDefinition/ee-vjl-performance-status-karnofsky,StructureDefinition/ee-vjl-menopause-status,StructureDefinition/ee-vjl-biomarker,StructureDefinition/ee-vjl-weight,StructureDefinition/ee-vjl-body-surface-area,StructureDefinition/ee-vjl-bmi,StructureDefinition/ee-vjl-performance-status-lansky,StructureDefinition/ee-vjl-height","hl7.fhir.r5.core"
http://hl7.org/fhir/ValueSet/observation-triggeredbytype,5.0.0,active,"2.16.840.1.113883.4.642.3.3265",TriggeredBytype,triggered Bytype,"Codes providing the type of triggeredBy observation.","StructureDefinition/ee-vjl-performance-status-ecog,StructureDefinition/ee-vjl-performance-status-karnofsky,StructureDefinition/ee-vjl-menopause-status,StructureDefinition/ee-vjl-biomarker,StructureDefinition/ee-vjl-weight,StructureDefinition/ee-vjl-body-surface-area,StructureDefinition/ee-vjl-bmi,StructureDefinition/ee-vjl-performance-status-lansky,StructureDefinition/ee-vjl-height","hl7.fhir.r5.core"
http://hl7.org/fhir/ValueSet/participation-role-type,5.0.0,draft,"2.16.840.1.113883.4.642.3.54",ParticipationRoleType,Participation Role Type,"This FHIR value set is comprised of Actor participation Type codes, which can be used to value FHIR agents, actors, and other role elements. The codes are intended to express how the agent participated in some activity. Sometimes refered to the agent functional-role relative to the activity.","StructureDefinition/ee-vjl-clinical-trial-consent","THO,DICOM"
http://hl7.org/fhir/ValueSet/patient-contactrelationship,5.0.0,active,"2.16.840.1.113883.4.642.3.1130",PatientContactRelationship,Patient Contact Relationship ,"The nature of the relationship between the patient and the contact person.","StructureDefinition/ee-vjl-patient","THO (V2)"
http://hl7.org/fhir/ValueSet/performer-role,5.0.0,draft,"2.16.840.1.113883.4.642.3.433,2.16.840.1.113883.4.642.2.420,2.16.840.1.113883.4.642.3.424",ProcedurePerformerRoleCodes,Procedure Performer Role Codes,"This example value set defines the set of codes that can be used to indicate a role of a procedure performer.","StructureDefinition/ee-vjl-radiotherapy,StructureDefinition/ee-vjl-surgeries","SCT"
http://hl7.org/fhir/ValueSet/procedure-category,5.0.0,draft,"2.16.840.1.113883.4.642.3.421,2.16.840.1.113883.4.642.3.430,2.16.840.1.113883.4.642.2.241",ProcedureCategoryCodesSNOMEDCT,Procedure Category Codes (SNOMED CT),"Procedure Category code: A selection of relevant SNOMED CT codes.","StructureDefinition/ee-vjl-radiotherapy,StructureDefinition/ee-vjl-surgeries","SCT"
http://hl7.org/fhir/ValueSet/procedure-followup,5.0.0,draft,"2.16.840.1.113883.4.642.3.420,2.16.840.1.113883.4.642.3.429,2.16.840.1.113883.4.642.2.240",ProcedureFollowUpCodesSNOMEDCT,Procedure Follow up Codes (SNOMED CT),"Procedure follow up codes: A selection of SNOMED CT codes relevant to procedure follow up.","StructureDefinition/ee-vjl-radiotherapy,StructureDefinition/ee-vjl-surgeries","SCT"
http://hl7.org/fhir/ValueSet/procedure-not-performed-reason,5.0.0,active,"2.16.840.1.113883.4.642.3.422,2.16.840.1.113883.4.642.3.431,2.16.840.1.113883.4.642.2.418",ProcedureNotPerformedReasonSNOMEDCT,Procedure Not Performed Reason (SNOMED-CT),"Situation codes describing the reason that a procedure, which might otherwise be expected, was not performed, or a procedure that was started and was not completed. Consists of SNOMED CT codes, children of procedure contraindicated (183932001), procedure discontinued (416406003), procedure not done (416237000), procedure not indicated (428119001), procedure not offered (416064006), procedure not wanted (416432009), procedure refused (183944003), and procedure stopped (394908001) as well as 410536001 Contraindicated (qualifier value).","StructureDefinition/ee-vjl-radiotherapy,StructureDefinition/ee-vjl-surgeries","SCT"
http://hl7.org/fhir/ValueSet/procedure-outcome,5.0.0,draft,"2.16.840.1.113883.4.642.2.239,2.16.840.1.113883.4.642.3.419,2.16.840.1.113883.4.642.3.428",ProcedureOutcomeCodesSNOMEDCT,Procedure Outcome Codes (SNOMED CT),"Procedure Outcome code: A selection of relevant SNOMED CT codes.","StructureDefinition/ee-vjl-radiotherapy,StructureDefinition/ee-vjl-surgeries","SCT"
http://hl7.org/fhir/ValueSet/publication-status,5.0.0,active,"2.16.840.1.113883.4.642.3.3",PublicationStatus,PublicationStatus,"The lifecycle status of an artifact.","StructureDefinition/ee-vjl-clinical-trial,StructureDefinition/ee-vjl-clinical-trial-subject","hl7.fhir.r5.core"
http://hl7.org/fhir/ValueSet/quantity-comparator,5.0.0,active,"2.16.840.1.113883.4.642.3.59",QuantityComparator,QuantityComparator,"How the Quantity should be understood and represented.","StructureDefinition/ee-vjl-weight,StructureDefinition/ee-vjl-body-surface-area,StructureDefinition/ee-vjl-bmi,StructureDefinition/ee-vjl-height","hl7.fhir.r5.core"
http://hl7.org/fhir/ValueSet/reason-medication-given-codes,5.0.0,draft,"2.16.840.1.113883.4.642.3.344,2.16.840.1.113883.4.642.3.334,2.16.840.1.113883.4.642.2.188",ReasonMedicationGivenCodes,Reason Medication Given Codes,"This value set is provided as an example. The value set to instantiate this attribute should be drawn from a robust terminology code system that consists of or contains concepts to support the medication process.","StructureDefinition/ee-vjl-medication-administration","THO"
http://hl7.org/fhir/ValueSet/reason-medication-not-given-codes,5.0.0,draft,"2.16.840.1.113883.4.642.3.342,2.16.840.1.113883.4.642.3.332,2.16.840.1.113883.4.642.2.187",SNOMEDCTReasonMedicationNotGivenCodes,SNOMED CT Reason Medication Not Given Codes,"This value set includes all medication refused, medication not administered, and non-administration of necessary drug or medicine codes from SNOMED CT - provided as an exemplar value set.","StructureDefinition/ee-vjl-medication-administration","SCT"
http://hl7.org/fhir/ValueSet/referencerange-appliesto,5.0.0,draft,"2.16.840.1.113883.4.642.3.407,2.16.840.1.113883.4.642.3.396",ObservationReferenceRangeAppliesToCodes,Observation Reference Range Applies To Codes,"This value set defines a set of codes that can be used to indicate the particular target population the reference range applies to.","StructureDefinition/ee-vjl-performance-status-ecog,StructureDefinition/ee-vjl-performance-status-karnofsky,StructureDefinition/ee-vjl-menopause-status,StructureDefinition/ee-vjl-biomarker,StructureDefinition/ee-vjl-weight,StructureDefinition/ee-vjl-body-surface-area,StructureDefinition/ee-vjl-bmi,StructureDefinition/ee-vjl-performance-status-lansky,StructureDefinition/ee-vjl-height","SCT"
http://hl7.org/fhir/ValueSet/referencerange-meaning,5.0.0,draft,"2.16.840.1.113883.4.642.3.397,2.16.840.1.113883.4.642.2.217,2.16.840.1.113883.4.642.3.384",ObservationReferenceRangeMeaningCodes,Observation Reference Range Meaning Codes,"This value set defines a set of codes that can be used to indicate the meaning/use of a reference range for a particular target population.","StructureDefinition/ee-vjl-performance-status-ecog,StructureDefinition/ee-vjl-performance-status-karnofsky,StructureDefinition/ee-vjl-menopause-status,StructureDefinition/ee-vjl-biomarker,StructureDefinition/ee-vjl-weight,StructureDefinition/ee-vjl-body-surface-area,StructureDefinition/ee-vjl-bmi,StructureDefinition/ee-vjl-performance-status-lansky,StructureDefinition/ee-vjl-height","THO"
http://hl7.org/fhir/ValueSet/research-study-arm-type,5.0.0,draft,"2.16.840.1.113883.4.642.3.3078",ResearchStudyArmType,Research Study Arm Type,"Codes for the main intent of the study.","StructureDefinition/ee-vjl-clinical-trial","hl7.fhir.r5.core"
http://hl7.org/fhir/ValueSet/research-study-classifiers,5.0.0,draft,"2.16.840.1.113883.4.642.3.3281",ResearchStudyClassifiers,Research Study Classifiers,"Codes that convey the type of label that is provided.","StructureDefinition/ee-vjl-clinical-trial","hl7.fhir.r5.core"
http://hl7.org/fhir/ValueSet/research-study-focus-type,5.0.0,draft,"2.16.840.1.113883.4.642.3.3076",ResearchStudyFocusType,Research Study Focus Type,"Codes for the main intent of the study.","StructureDefinition/ee-vjl-clinical-trial","hl7.fhir.r5.core"
http://hl7.org/fhir/ValueSet/research-study-objective-type,5.0.0,draft,"2.16.840.1.113883.4.642.3.823",ResearchStudyObjectiveType,Research Study Objective Type,"Codes for the kind of study objective.","StructureDefinition/ee-vjl-clinical-trial","hl7.fhir.r5.core"
http://hl7.org/fhir/ValueSet/research-study-party-organization-type,5.0.0,draft,"2.16.840.1.113883.4.642.3.3077",ResearchStudyPartyOrgType,Research Study Party Organization Type,"This is a ResearchStudy's party organization type.","StructureDefinition/ee-vjl-clinical-trial","hl7.fhir.r5.core"
http://hl7.org/fhir/ValueSet/research-study-party-role,5.0.0,draft,"2.16.840.1.113883.4.642.3.3075",ResearchStudyPartyRole,Research Study Party Role,"This is a ResearchStudy's party role.","StructureDefinition/ee-vjl-clinical-trial","hl7.fhir.r5.core"
http://hl7.org/fhir/ValueSet/research-study-phase,5.0.0,draft,"2.16.840.1.113883.4.642.3.821",ResearchStudyPhase,Research Study Phase,"Codes for the stage in the progression of a therapy from initial experimental use in humans in clinical trials to post-market evaluation.","StructureDefinition/ee-vjl-clinical-trial","hl7.fhir.r5.core"
http://hl7.org/fhir/ValueSet/research-study-prim-purp-type,5.0.0,draft,"2.16.840.1.113883.4.642.3.827",ResearchStudyPrimaryPurposeType,Research Study Primary Purpose Type,"Codes for the main intent of the study.","StructureDefinition/ee-vjl-clinical-trial","hl7.fhir.r5.core"
http://hl7.org/fhir/ValueSet/research-study-reason-stopped,5.0.0,draft,"2.16.840.1.113883.4.642.3.825",ResearchStudyReasonStopped,Research Study Reason Stopped,"Codes for why the study ended prematurely.","StructureDefinition/ee-vjl-clinical-trial","hl7.fhir.r5.core"
http://hl7.org/fhir/ValueSet/research-study-status,5.0.0,draft,"2.16.840.1.113883.4.642.3.802,2.16.840.1.113883.4.642.3.819",ResearchStudyStatus,Research Study Status,"Codes that convey the current status of the research study.","StructureDefinition/ee-vjl-clinical-trial","hl7.fhir.r5.core"
http://hl7.org/fhir/ValueSet/research-subject-milestone,5.0.0,draft,"2.16.840.1.113883.4.642.3.3133",ResearchSubjectMilestone,Research Subject Milestone,"Indicates the progression of a study subject through the study milestones.","StructureDefinition/ee-vjl-clinical-trial-subject","THO"
http://hl7.org/fhir/ValueSet/research-subject-state,5.0.0,draft,"2.16.840.1.113883.4.642.3.3131",ResearchSubjectState,Research Subject State,"Indicates the progression of a study subject through a study.","StructureDefinition/ee-vjl-clinical-trial-subject","THO"
http://hl7.org/fhir/ValueSet/research-subject-state-type,5.0.0,draft,"2.16.840.1.113883.4.642.3.3132",ResearchSubjectStateType,Research Subject State Type,"Identifies the kind of state being refered to.","StructureDefinition/ee-vjl-clinical-trial-subject","THO"
http://hl7.org/fhir/ValueSet/resource-types,5.0.0,active,"2.16.840.1.113883.4.642.3.27",ResourceType,Resource Types,"Concrete FHIR Resource Types","StructureDefinition/ee-vjl-clinical-trial-consent","hl7.fhir.r5.core"
http://hl7.org/fhir/ValueSet/route-codes,5.0.0,draft,"2.16.840.1.113883.4.642.3.98",SNOMEDCTRouteCodes,SNOMED CT Route Codes,"This value set includes all Route codes from SNOMED CT - provided as an exemplar.","StructureDefinition/ee-vjl-medication-administration","SCT"
http://hl7.org/fhir/ValueSet/security-label-examples,5.0.0,draft,"2.16.840.1.113883.4.642.3.3011",SecurityLabelExamples,Example set of Security Labels,"A sample of security labels from [Healthcare Privacy and Security Classification System](security-labels.html#hcs) as the combination of data and event codes.","StructureDefinition/ee-vjl-clinical-trial-consent",
http://hl7.org/fhir/ValueSet/study-design,5.0.0,draft,"2.16.840.1.113883.4.642.3.3045",StudyDesign,Study Design,"This is a set of terms for study design characteristics.","StructureDefinition/ee-vjl-clinical-trial","hl7.fhir.r5.core"
http://hl7.org/fhir/ValueSet/title-type,5.0.0,draft,"2.16.840.1.113883.4.642.3.2974",TitleType,Title Type,"Used to express the reason and specific aspect for the variant title, such as language and specific language.","StructureDefinition/ee-vjl-clinical-trial","hl7.fhir.r5.core"
http://terminology.hl7.org/ValueSet/state-change-reason,2.0.0,active,"2.16.840.1.113883.4.642.3.0",StateChangeReason,StateChangeReason,"Indicates why the state of the subject changed.","StructureDefinition/ee-vjl-clinical-trial-subject","THO"
http://terminology.hl7.org/ValueSet/v3-PurposeOfUse,3.1.0,active,"2.16.840.1.113883.1.11.20448",PurposeOfUse,PurposeOfUse,"Supports communication of purpose of use at a general level.","StructureDefinition/ee-vjl-clinical-trial-consent","THO (V3)"
https://fhir.ee/ValueSet/administratiivne-sugu,2.0.0,active,,AdministratiivneSugu,Administratiivne sugu,"Administratiivse soo loend, mida kasutada FHIR ressurssides","StructureDefinition/ee-vjl-patient","hl7.fhir.r5.core"
https://fhir.ee/ValueSet/keeled,1.0.0,active,,Keeled,Keeled,"HL7 loetelus https://build.fhir.org/valueset-languages.html (CommonLanguages) olevate keelte eestikeelsed nimetused.","StructureDefinition/ee-vjl-patient","hl7.terminology.r5"
https://fhir.ee/ValueSet/patsiendi-identifikaatorite-domeen,3.0.0,active,,,Patsiendi identifikaatorite domeen,"Määratleb erinevad patsientide identifikaatorite domeenid, mida kasutatakse Tervise infosüsteemis. Patsiente saab identifitseerida näiteks isikukoodi, passi numbri vm alusel.  ","StructureDefinition/ee-vjl-patient","Other"
